Page,Section,Content Type,Current Text,Changes,Suggested by,verified by ,Final Changes
Home,Hero Badge,Badge,A Global Youth Initiative,,,,
Home,Hero Heading,Heading,Rediscover your Core Goodness,,,,
Home,Hero Paragraph,Paragraph,"In a world of noise, find your inner clarity. interACT is a global platform helping youth reconnect with their authentic selves through Awareness, Contemplation, and Transformative Silence.","In a world of noise, find your inner clarity. interACT helps you reconnect with your innate goodness through awareness and transformative silence.",,,
Home,Hero Button 1,Button,Start Your Journey,,,,
Home,Hero Button 2,Button,What is interACT?,,,,
Home,What is interACT? Heading,Heading,What is interACT?,,,,
Home,What is interACT? Paragraph,Paragraph,"interACT is a transformative awareness and self-development journey that merges spiritual insight with practical tools for personal growth, tailored especially for youth, emerging leaders and global citizens.",,,,
Home,What is interACT? Button 1,Button,Explore Modules,,,,
Home,What is interACT? Button 2,Button,Learn More,,,,
Home,Inner Strength Heading,Heading,Your Path to Inner Strength,,,,
Home,Inner Strength Paragraph 1,Paragraph,"In a fast-paced world, staying connected to your true self is a superpower. interACT empowers you to pause, reflect, and tap into your inner resources, helping you navigate life with confidence and clarity.",,,,
Home,Inner Strength Paragraph 2,Paragraph,interACT is designed to help you shine from within.,,,,
Home,Unlock Potential Heading,Heading,Unlock Your Potential,,,,
Home,Unlock Potential Subheading,Paragraph,Discover the power of inner stability in a changing world.,,,,
Home,Benefit 1 Title,Heading,Inner Clarity,Innate Awareness,,,
Home,Benefit 1 Description,Paragraph,Gain a clear perspective on your life and goals by quieting the noise around you.,"Recognize yourself as a living being with innate qualities of peace and love. Understand that your thoughts are the seeds of your life's outcomes.",,,
Home,Benefit 2 Title,Heading,Resilience,Internal Resilience,,,
Home,Benefit 2 Description,Paragraph,Build the emotional strength to navigate challenges with grace and confidence.,"Build deep self-worth and inner strength. Shift focus from external validation to stable internal factors like security and character.",,,
Home,Benefit 3 Title,Heading,Ethical Leadership,Inner Wisdom,,,
Home,Benefit 3 Description,Paragraph,"Lead with integrity and compassion, inspiring others through your example.","Access deep discernment through silence. Connect with the ultimate source of power to bring about sustainable change and clarity.",,,
Home,ACT Framework Heading,Heading,The ACT Framework,,,,
Home,ACT Framework Subheading,Paragraph,A practical pathway to inner resilience and ethical leadership.,,,,
Home,Awareness Title,Heading,Awareness,,,,
Home,Awareness Description,Paragraph,"Recognize yourself as a spiritual being—the ""Inner Me""—distinct from your physical role.","Connect with your innate goodness. Recognize yourself as a living being, an eternal energy with qualities of Peace, Love, and Truth.",,,
Home,Contemplation Title,Heading,Contemplation,,,,
Home,Contemplation Description,Paragraph,"Nurture your innate qualities of peace, love, and truth to build unshakeable self-worth.","Strengthen your inner core through reflection. Learn to shift your focus from external validation to internal resilience and deep self-worth.",,,
Home,Transformative Silence Title,Heading,Transformative Silence,,,,
Home,Transformative Silence Description,Paragraph,Connect with the Source to access inner wisdom and discern right from wrong.,"Access inner wisdom. Discern between truth and false, and connect with the Source of all powers to bring about sustainable life change.",,,
Home,SDG Heading,Heading,interACT and the UN Sustainable Development Goals,,,,
Home,SDG Paragraph 1,Paragraph,"interACT aligns with the United Nations Sustainable Development Goals, focusing on inner and outer transformation. By promoting mental well-being, nurturing peace through self-awareness, and fostering global partnerships, interACT empowers youth to turn reflection into meaningful action.",,,,
Home,SDG Paragraph 2,Paragraph,"Together, we build a world where personal growth and sustainable change go hand in hand.",,,,
Home,SDG Button,Button,Learn More,,,,
,,,,,,,
About,Hero Badge,Badge,Aligned with the 2030 Agenda,"Updated to match current About page - clean, professional design",,,
About,Hero Heading,Heading,"To face a changing world, you need an unchanging core.","Updated hero heading - more impactful",,,
About,Hero Paragraph,Paragraph,"interACT bridges the gap between inner resilience and global action. We provide youth with the evidence-based cognitive tools needed to achieve the Sustainable Development Goals.","Updated to emphasize SDG alignment and evidence-based approach",,,,
About,Strategic Impact Heading,Heading,Strategic Impact,"New section - SDG alignment",,,
About,Strategic Impact Subheading,Heading,Targeting the Goals,"New section",,,
About,Strategic Impact Paragraph,Paragraph,"Our curriculum is designed to support three specific Sustainable Development Goals, fostering the human capacity needed for sustainable action.","New content",,,
About,SDG 3 Title,Heading,Good Health & Well-being,"SDG card content",,,
About,SDG 3 Quote,Text,"Awareness is the seed of Health and Well-being","Mechanism of action",,,
About,SDG 3 Target,Paragraph,"Target 3.4: By 2030, reduce by one third premature mortality from non-communicable diseases through prevention and treatment and promote mental health and well-being.","SDG target",,,
About,SDG 3 Reference,Text,Supported by WHO Data (2021),"Reference",,,
About,SDG 16 Title,Heading,Peace Justice & Strong Institutions,"SDG card content",,,
About,SDG 16 Quote,Text,"Contemplation allows peace from within","Mechanism of action",,,
About,SDG 16 Target,Paragraph,"Target 16.1: Significantly reduce all forms of violence and related death rates everywhere. We cultivate Peace from Within as the foundation for societal peace.","SDG target",,,
About,SDG 16 Reference,Text,Ref: Rethinking Learning for Peace (UNESCO MGIEP 2020),"Reference",,,
About,SDG 17 Title,Heading,Partnerships for the Goals,"SDG card content",,,
About,SDG 17 Quote,Text,"Transformative silence is the key for partnerships","Mechanism of action",,,
About,SDG 17 Target,Paragraph,"Target 17.17: Encourage and promote effective public public-private and civil society partnerships. We unite across borders to prioritize youth mental health.","SDG target",,,
About,SDG 17 Reference,Text,Ref: Global Youth Engagement (UN Policy Brief),"Reference",,,
About,Evidence Heading,Heading,The Global Context,"Updated section heading",,,
About,Evidence Subheading,Heading,Why These Goals Matter Now,"New subheading",,,
About,Evidence Paragraph,Paragraph,The urgency to achieve these goals is underscored by the current global crisis in youth well-being.,"Updated content",,,
About,Stat 1 Title,Heading,1 in 7 Adolescents,"Key statistic",,,
About,Stat 1 Description,Paragraph,"Experience a mental disorder globally (WHO, 2021). Without mental health (SDG 3), sustainable development is impossible.","Stat description",,,
About,Stat 2 Title,Heading,59% Eco-Anxiety,"Key statistic",,,
About,Stat 2 Description,Paragraph,"Of youth are extremely worried about climate change (Lancet, 2021). This paralysis hinders climate action; inner resilience is the key to unlocking it.","Stat description",,,
About,Methodology Heading,Heading,Methodology & Delivery,"Updated section",,,
About,Methodology Paragraph,Paragraph,"interACT is delivered through a 15-lesson cognitive curriculum (~7 hours). Participants utilize practical tools like Thought Pattern Trackers and Somatic Awareness to build self-regulation skills, directly contributing to SDG 3.4.","Updated with specific details",,,
About,Methodology Stat 1,Text,31%,"Anxiety reduction stat",,,
About,Methodology Stat 1 Label,Text,Anxiety Reduction,"Stat label",,,
About,Methodology Stat 1 Reference,Text,Based on MBSR Protocols (Khoury et al. 2015),"Reference",,,
About,Methodology Stat 2,Text,High,"Emotional regulation stat",,,
About,Methodology Stat 2 Label,Text,Emotional Regulation,"Stat label",,,
About,Methodology Stat 2 Reference,Text,Cognitive Training (Dunning et al. 2019),"Reference",,,
About,CTA Heading,Heading,Ready to lead from the inside out?,"Updated CTA",,,
About,CTA Paragraph,Paragraph,"Join thousands of youth worldwide in discovering the power of the core goodness. The world is waiting for your authentic contribution.","Updated CTA text",,,
About,CTA Button 1,Button,Start the Curriculum,"Primary CTA",,,
About,CTA Button 2,Button,Meet the Team,"Secondary CTA",,,
About,References Heading,Heading,References & Data Sources,"Footer section",,,
About,Reference Link 1,URL,https://sdgs.un.org/goals/goal3,"WHO (2021). Adolescent Mental Health Fact Sheet. (SDG 3)",,,
About,Reference Link 2,URL,https://mgiep.unesco.org/rethinking-learning,"UNESCO MGIEP (2020). Rethinking Learning: SEL for Peace. (SDG 16)",,,
About,Reference Link 3,URL,https://www.unicef.org/media/108161/file/SOWC-2021-Policy-Brief-Child-Adolescent-Mental-Health.pdf,"UNICEF (2021). Policy Brief: Child and Adolescent Mental Health. (SDG 17)",,,
About,Reference Link 4,URL,https://r.jordan.im/download/mindfulness/khoury2015.pdf,"Khoury et al. (2015). Mindfulness-based stress reduction meta-analysis.",,,
About,Reference Link 5,URL,https://www.thelancet.com/journals/lanplh/article/PIIS2542-5196(21)00278-3/fulltext,"The Lancet (2021). Climate anxiety in children and young people.",,,
,,,,,,,

Join,Main Heading,Heading,Join the Movement,,,,
Join,Main Paragraph,Paragraph,Ready to start your journey? Register for our upcoming global workshops and events.,,,,
Join,Event Heading,Heading,Upcoming Event,,,,
Join,Event Title,Heading,Global Youth Summit 2026,,,,
Join,Event Date,Text,January 15th,,,,
Join,Event Time,Text,10:00 AM - 2:00 PM (GMT),,,,
Join,Event Location,Text,Online (Zoom) & Local Hubs,,,,
Join,Event Description,Paragraph,Join thousands of youth from around the world in this transformative experience.,,,,
Join,Form Heading,Heading,Register Now,,,,
Join,Form Success Title,Heading,Registration Successful!,,,,
Join,Form Success Message,Paragraph,We've sent a confirmation email with details.,,,,
Join,Form Button,Button,Complete Registration,,,,
,,,,,,,
Modules,Main Heading,Heading,ACT Modules,interACT Modules,,,
Modules,Main Paragraph,Paragraph,Explore our structured pathway to inner resilience. Each module is designed to be a practical step in your journey of self-discovery.,"In a world filled with constant distractions and external pressures, it's easy for young people to lose touch with their inner selves. This can lead to a sense of disconnect and self-doubt. Our upcoming event is designed to help youth cut through the noise and rediscover the core goodness that lies within them.",,,
,,,,"The A•C•T framework is a practical guide for reconnecting with our most authentic selves. Each step is a building block for a life lived with integrity, resilience, and empathy.",,,
Modules,Awareness Title,Heading,Awareness: Connecting with Innate Goodness,,,,
Modules,Awareness Description,Paragraph,Recognize yourself as a spiritual being. Learn to distinguish the 'Inner Me' from your physical role and access your innate qualities of peace and truth.,"The starting point. We guide participants to recognize themselves as living beings with innate qualities like Peace, Love, and Truth. These are not just concepts, but feelings to be experienced. By becoming aware of this inherent goodness, we lay the foundation for a life of purpose.",,,
Modules,Contemplation Title,Heading,Contemplation: Strengthening Your Inner Core,,,,
Modules,Contemplation Description,Paragraph,"Nurture your core qualities. Through focused reflection, build self-worth, resilience, and a deep sense of value that is independent of external validation.","Once aware of our core goodness, we can nurture it through focused reflection. This stage helps shift focus from external validation to internal resilience. By contemplating innate qualities, participants build deep self-worth and a stable inner core independent of external pressures.",,,
Modules,Transformative Silence Title,Heading,Transformative Silence: Accessing Inner Wisdom,,,,
Modules,Transformative Silence Description,Paragraph,"Connect with the Source. Experience deep silence not as emptiness, but as a fullness of power that enables you to discern right from wrong.","Access deep inner wisdom through stillness. This involves a profound experience of discernment between what is true and false. By connecting with the Source of all power, participants stabilize their innate qualities and bring about sustainable, positive life changes.",,,
,,,,,,,
Team,Main Heading,Heading,Our Global Team,,,,
Team,Main Paragraph,Paragraph,At interACT,,,,
Team,Leadership Heading,Heading,Leadership & Advisors,,,,
Team,Advisors List,List,"Murali (Advisor); Ayako (Advisor); Sakshi (Chairperson)",,,,
Team,Coordinators Heading,Heading,Coordinators,,,,
Team,Coordinators List,List,Yuji (Coordinator,,,,
Team,Facilitators Heading,Heading,Global Facilitators,,,,
Team,Facilitators List,List,"Maria Paula (Columbia); Elkie (Kenya); Yuji (Japan); Darshini (UK); Mona (Indonesia); Sakshi (India); Amrita (Nepal); Karan (Malaysia); Nonie (Peru); Krishna (USA)",,,,
Team,Creative Heading,Heading,Creative & Technical Team,,,,
Team,Creative List,List,"Guruprasad (Technical Lead); Chaitanya (Creative Coordinator); Janhvi (Creative Coordinator); Ravleen (Content Coordinator); Dhiraj (Content Creator); Sakshi Mubai (Social Media Manager)",,,,
,,,,,,,
Awareness,Header Badge,Badge,Module 1,,,,
Awareness,Header Title,Heading,Awareness: Connecting with Your Authentic Self,Awareness: Connecting with Innate Goodness,,,
Awareness,Header Description,Paragraph,Develop self-awareness to recognize your thoughts,"Recognize yourself as a living being, an eternal energy, and rediscover your innate qualities of peace, love, and truth.",,,
Awareness,Stats Duration,Text,~2 hours,,,,
Awareness,Stats Steps,Text,5 Lessons,,,,
Awareness,Overview Learn Title,Heading,What You'll Learn,,,,
Awareness,Overview Learn List,List,Develop the ability to observe your thoughts and emotions without being controlled by them; Recognize automatic patterns and triggers that influence your behavior; Connect with your body's wisdom through somatic awareness; Clarify your core values and live more authentically,"Recognize yourself as a living being residing in the body; Identify your 8 original qualities: Peace, Love, Happiness, Purity, Willpower, Bliss, Wisdom, and Truth; Understand how every thought you create is the seed of all outcomes; Develop a feeling of being an observer of your thoughts and emotions.",,,
Awareness,Overview Why Title,Heading,Why It Matters,,,,
Awareness,Overview Why Paragraph,Paragraph,Self-awareness is the foundation of personal growth and emotional intelligence. Research shows that individuals with higher self-awareness experience less stress,"This is the starting point of the interACT journey. We guide participants to recognize and feel the presence of their innate qualities—not as concepts to be learned, but as feelings to be experienced. By becoming aware of this inherent goodness, we lay the foundation for a life of purpose and clarity.",,,
Awareness,Step 1 Title,Heading,Understanding the Observer,,,,
Awareness,Step 1 Duration,Text,15 min,,,,
Awareness,Step 1 Overview,Paragraph,"Discover the concept of self-awareness and the 'observer mind' - the part of you that can watch your thoughts without being controlled by them.",,,,
Awareness,Step 1 Objectives,List,"Define self-awareness and its importance; Understand the observer perspective; Recognize the difference between reacting and responding",,,,
Awareness,Step 1 Activity,Text,"Self-Reflection Journal (PDF Worksheet): A guided journaling exercise to help you begin observing your thoughts and emotions.",,,,
Awareness,Step 2 Title,Heading,Recognizing Patterns,Observing with Awareness,,,
Awareness,Step 2 Duration,Text,20 min,,,,
Awareness,Step 2 Overview,Paragraph,Learn to identify automatic thoughts,"After arriving in the present moment, participants are guided to observe their thoughts and emotions as they arise—without trying to change, judge, or suppress them. This gentle observation allows clarity to emerge naturally and helps participants experience the difference between awareness and identification.",,,
Awareness,Step 2 Objectives,List,Identify common thought patterns; Recognize emotional triggers; Understand the thought-emotion-behavior cycle,Observe thoughts and emotions without getting carried away by them; Recognize the space between awareness and reaction; Experience clarity as a natural outcome of observation,,,
Awareness,Step 2 Activity,Text,Thought Pattern Tracker (PDF Worksheet): Track your thoughts and emotions over 3 days to discover recurring patterns.,"Thought & Emotion Observation (Guided Practice + Reflection PDF): A guided awareness exercise to help participants observe thoughts and emotions without judgment, allowing clarity and inner stability to emerge naturally.",,,
Awareness,Step 3 Title,Heading,Body-Mind Connection,Clarity Through Recognizing Patterns,,,
Awareness,Step 3 Duration,Text,25 min,20 min,,,
Awareness,Step 3 Overview,Paragraph,Explore how physical sensations relate to emotions and thoughts,"With clarity established through observation, participants are guided to notice recurring mental, emotional, and behavioral patterns. Instead of analyzing or labeling themselves, they learn to recognize these patterns as conditioned responses—seen clearly through awareness.",,,
Awareness,Step 3 Objectives,List,Understand the mind-body connection; Practice body scan meditation; Recognize physical signs of stress and calm,Identify recurring thought and emotional patterns; Recognize personal triggers without self-judgment; Understand how awareness reveals patterns naturally,,,
Awareness,Step 3 Activity,Text,Body Scan Practice Guide (PDF + Audio): A guided body scan meditation with accompanying practice guide.,Pattern Awareness Tracker (PDF Worksheet): A simple tracking exercise to help participants recognize recurring thought and emotional patterns through clarity and observation, without judgment.,,,
Awareness,Step 4 Title,Heading,Values Clarification,Redirecting Awareness to Innate Goodness,,,
Awareness,Step 4 Duration,Text,30 min,25 min,,,
Awareness,Step 4 Overview,Paragraph,Discover your core values and learn how living in alignment with them creates authenticity and purpose.,"Once patterns are clearly recognized, participants are gently guided to shift their attention toward their innate qualities of peace, love, and truth. Instead of fixing or resisting patterns, awareness is redirected to inner goodness—allowing natural balance and emotional stability to emerge.",,,
Awareness,Step 4 Objectives,List,Identify your top 5 core values; Understand the role of values in decision-making; Assess current alignment with values,Understand redirection as a shift of awareness, not effort; Experience inner peace beyond mental patterns; Reconnect with innate qualities of love and truth,,,
Awareness,Step 4 Activity,Text,Personal Values Card Sort (Interactive PDF): Sort through 50+ values to discover what truly matters to you.,Inner Quality Awareness Practice (Guided Practice + Reflection PDF): A guided awareness exercise that helps participants redirect attention from habitual patterns to their innate qualities of peace, love, and truth.,,,
Awareness,Step 5 Title,Heading,Daily Awareness Practice,Bringing Awareness into Daily Life,,,
Awareness,Step 5 Duration,Text,Ongoing,,,,
Awareness,Step 5 Overview,Paragraph,Integrate awareness practices into your daily routine with practical techniques and a 7-day challenge.,"This step helps participants gently carry the awareness they’ve experienced into everyday moments. Rather than practicing something new, they learn to pause, notice, and return to inner peace and clarity during regular activities like work, conversations, and decisions.",,,
Awareness,Step 5 Objectives,List,Establish a daily awareness practice; Use mindful moments throughout the day; Track progress and insights,Apply awareness during normal daily situations; Pause before reacting and respond with clarity; Stay connected to inner peace amidst activity,,,
Awareness,Step 5 Activity,Text,7-Day Awareness Challenge (PDF Tracker): A week-long challenge with daily prompts and reflection questions.,Everyday Awareness Practice (7-Day Guided Practice + Reflection PDF): A simple daily practice that helps participants pause during routine moments and reconnect with awareness and inner calm.,,,
Awareness,Next Steps Heading,Heading,Ready for the Next Module?,,,,
Awareness,Next Steps Paragraph,Paragraph,Continue your journey with Contemplation: Strengthening Your Inner Core,,,,
Awareness,Next Steps Button,Button,Continue to Module 2,,,,
Contemplation,Header Badge,Badge,Module 2,,,,
Contemplation,Header Title,Heading,Contemplation: Strengthening Your Inner Core,,,,
Contemplation,Header Description,Paragraph,Nurture your core qualities through focused reflection and build self-worth independent of external validation.,,,,
Contemplation,Stats Duration,Text,~2.5 hours,,,,
Contemplation,Stats Steps,Text,5 Lessons,,,,
Contemplation,Overview Learn Title,Heading,What You'll Learn,,,,
Contemplation,Overview Learn List,List,Understand the difference between thinking and contemplation; Access and maintain inner peace; Embody virtues like love,"Shift from external validation to deep, internal resilience; Directly experience innate qualities through sustained inner attention; Understand the difference between fluid self-esteem and stable self-worth; Build self-respect by honoring your inner beliefs, values, and decisions.",,,
Contemplation,Overview Why Title,Heading,Why It Matters,,,,
Contemplation,Overview Why Paragraph,Paragraph,Contemplation builds the inner strength needed for resilience and authentic living. Studies show contemplative practices reduce stress,"Once we're aware of our core goodness, we can nurture it. This step involves focused reflection to build self-worth and inner resilience. By contemplating these positive qualities within ourselves, we shift our focus from external validation to internal strength, making us naturally less susceptible to the pressures of the outside world.",,,
Contemplation,Step 1 Title,Heading,Building Your Inner Foundation,The Power of Focused Reflection,,,
Contemplation,Step 1 Duration,Text,20 min,,,,
Contemplation,Step 1 Overview,Paragraph,Discover the power of intentional contemplation and how regular reflection strengthens your sense of self.,"Move from casual thinking to deep, intentional reflection. Learn how to direct your mind toward qualities like peace and love to begin strengthening your inner foundation.",,,
Contemplation,Step 1 Objectives,List,Understand the difference between thinking and contemplation; Learn the benefits of daily reflection practice; Create a personal contemplation space,Understand the difference between ordinary thinking and focused contemplation; Learn to create a mental space for inner reflection; Begin directing thoughts toward innate goodness,,,
Contemplation,Step 1 Activity,Text,Sacred Space Setup Guide (PDF Guide): Design a physical and mental space dedicated to your contemplation practice.,The Contemplation Anchor (PDF Guide): Learn to stabilize your mind by focusing on a single core quality of your choice.,,,
Contemplation,Step 2 Title,Heading,Cultivating Inner Peace,Nurturing Innate Self-Worth,,,
Contemplation,Step 2 Duration,Text,25 min,,,,
Contemplation,Step 2 Overview,Paragraph,Explore techniques to access and maintain inner peace,"Directly experience your innate qualities. Learn the distinction between stable internal self-worth and fluid external self-esteem, building a foundation that doesn't depend on praise or achievements.",,,
Contemplation,Step 2 Objectives,List,"Practice peace contemplation meditation; Identify peace disruptors in daily life; Develop peace anchor phrases","Understand Self-Worth: A deep, stable sense of self-value based on internal security and character; Understand Self-Esteem & Self-Confidence: Fluid feelings based on capabilities and external success; Build Self-Respect: Learning to honor your own ideas, beliefs, decisions, and values; Experience direct connection with the real self through sustained inner attention.",,,
Contemplation,Step 2 Activity,Text,"Peace Meditation Series (Audio + PDF): Guided meditations on peace with accompanying reflection prompts.","Innate Value Journal (PDF Worksheet): A reflection exercise to help you disconnect your self-worth from external outcomes.",,,
Contemplation,Step 3 Title,Heading,Strengthening Core Virtues,Building Inner Strength & Resilience,,,
Contemplation,Step 3 Duration,Text,30 min,,,,
Contemplation,Step 3 Overview,Paragraph,Learn to contemplate and embody virtues like love,"Use contemplation to build a 'shock-absorber' within. By focusing on your internal stability, you become less affected by external chaos and setbacks.",,,
Contemplation,Step 3 Objectives,List,"Identify your natural virtues and areas for growth; Practice virtue contemplation; Create personal affirmations","Develop the capacity to remain stable during external changes; Contemplate the quality of inner strength and inner power; Learn to use your 'inner core' as a refuge during pressure.",,,
Contemplation,Step 3 Activity,Text,"Virtue Contemplation Workbook (Interactive PDF): Deep-dive exercises for 8 core virtues with daily contemplation practices.","Resilience Contemplation Guide (Audio + PDF): A guided contemplation focused on tapping into your stable inner core.",,,
Contemplation,Step 4 Title,Heading,Connecting with Purpose,Shifting from External to Internal,,,
Contemplation,Step 4 Duration,Text,35 min,,,,
Contemplation,Step 4 Overview,Paragraph,"Use contemplative practices to discover and clarify your life's purpose and meaning.","Explore how seeking appreciation from others creates emotional dependency. Learn to validate yourself through connection with your core qualities.",,,
Contemplation,Step 4 Objectives,List,"Explore 'big picture' questions through contemplation; Define your personal mission statement; Align daily actions with purpose","Recognize patterns of seeking external approval; Contemplate self-sufficiency and emotional independence; Experience the freedom of internal validation.",,,
Contemplation,Step 4 Activity,Text,"Purpose Discovery Journey (PDF Workbook): A structured process to uncover and articulate your unique life purpose.","The Validation Shift (Self-Reflection PDF): A checklist and reflection guide to help you move from 'needing' to 'sharing' your qualities.",,,
Contemplation,Step 5 Title,Heading,Daily Contemplation Rituals,Living with Unshakeable Resilience,,,
Contemplation,Step 5 Duration,Text,Ongoing,,,,
Contemplation,Step 5 Overview,Paragraph,"Integrate contemplation into your daily routine with morning and evening rituals.","Integrate contemplation into daily interactions. Learn to keep your 'inner core' strong while navigating the pressures and interactions of the world.",,,
Contemplation,Step 5 Objectives,List,"Establish morning and evening contemplation rituals; Use contemplative prompts throughout the day; Track insights and growth","Practice staying centered during daily pressure; Embody innate qualities in social interactions; Maintain resilience as a consistent state of being.",,,
Contemplation,Step 5 Activity,Text,"30-Day Contemplation Challenge (PDF Journal): A month-long guided challenge with daily themes and reflection questions.","7-Day Resilience Challenge (PDF Journal + Tracker): A week-long practice to apply contemplation insights in real-world situations.",,,
Contemplation,Next Steps Heading,Heading,Ready for the Next Module?,,,,
Contemplation,Next Steps Paragraph,Paragraph,Continue your journey with Transformative Silence: Accessing Inner Wisdom,,,,
Contemplation,Next Steps Button,Button,Continue to Module 3,,,,
Transformative Silence,Header Badge,Badge,Module 3,,,,
Transformative Silence,Header Title,Heading,Transformative Silence: Accessing Inner Wisdom,,,,
Transformative Silence,Header Description,Paragraph,Connect with the Source through deep silence to discern right from wrong and access inner guidance.,,,,
Transformative Silence,Stats Duration,Text,~2.5 hours,,,,
Transformative Silence,Stats Steps,Text,5 Lessons,,,,
Transformative Silence,Overview Learn Title,Heading,What You'll Learn,,,,
Transformative Silence,Overview Learn List,List,Distinguish between silence and stillness; Quiet the constant stream of thoughts; Access your innate wisdom and intuition; Amplify silence in nature and sacred spaces; Integrate transformative silence into daily life,,,,
Transformative Silence,Overview Why Title,Heading,Why It Matters,,,,
Transformative Silence,Overview Why Paragraph,Paragraph,Transformative silence is the key to accessing deeper wisdom and making decisions from a place of clarity. Research shows that regular silence practice improves cognitive function,Transformative Silence is far more than mere quietness—it is a state of inner freedom from negative, waste, and ordinary thoughts. In this space, you can discern between Truth and Falsehood and concentrate on the Unlimited Source of all Powers and Support. This connection allows you to withdraw the strength needed to bring about sustainable, life-changing transformation.,,,
Transformative Silence,Step 1 Title,Heading,Understanding Transformative Silence,Beyond Quietness: Freedom of Thought,,,
Transformative Silence,Step 1 Duration,Text,15 min,,,,
Transformative Silence,Step 1 Overview,Paragraph,"Discover what makes silence 'transformative' versus just quiet","Define silence as inner freedom. Learn to identify and move beyond negative, waste, and ordinary thoughts to reach a state of pure, presence-filled clarity.",,,
Transformative Silence,Step 1 Objectives,List,Distinguish between silence and stillness; Understand the neuroscience of silence; Identify barriers to experiencing deep silence,"Identify 'waste thoughts' that drain inner energy; Experience the difference between physical quiet and mental freedom; Practice quietening the ordinary to access the extraordinary.",,,
Transformative Silence,Step 1 Activity,Text,"Silence Exploration Journal (PDF Workbook): Guided prompts to explore your relationship with silence and noise.","Waste Thought Audit (Reflection PDF): A tool to track mental chatter and consciously shift toward meaningful silence.",,,
Transformative Silence,Step 2 Title,Heading,Calming the Mental Chatter,The Lab of Inner Discernment,,,
Transformative Silence,Step 2 Duration,Text,25 min,,,,
Transformative Silence,Step 2 Overview,Paragraph,Learn techniques to quiet the constant stream of thoughts and access deeper layers of consciousness.,"Use deep experience to discern between Right and Wrong, True and False. Silence becomes the laboratory where clarity reveals the path forward.",,,
Transformative Silence,Step 2 Objectives,List,Practice thought observation without engagement; Use breath techniques to calm the mind; Develop a 'mental pause' skill,Establish a criteria for inner truth based on original qualities; Observe choices in the light of deep silence; Recognize the 'False' influences that cloud judgment,,,
Transformative Silence,Step 2 Activity,Text,Mind-Quieting Toolkit (Audio + PDF): 5 different techniques for calming mental chatter with guided audio practices.,True vs. False Exploration (Socratic Reflection PDF): Bring a dilemma into silence and discern the direction that aligns with your innate goodness.,,,
Transformative Silence,Step 3 Title,Heading,Connecting with Inner Wisdom,Connecting with the Unlimited Source,,,
Transformative Silence,Step 3 Duration,Text,30 min,,,,
Transformative Silence,Step 3 Overview,Paragraph,Access your innate wisdom and intuition through deep silence and learn to trust your inner guidance.,Concentrate on the Unlimited Source of all Powers and Support. Define this source of energy as the Universal anchor that empowers your inner being.,,,
Transformative Silence,Step 3 Objectives,List,Distinguish between mental chatter and inner wisdom; Practice 'listening within' meditation; Develop trust in intuitive insights,"Understand the 'Source' as a constant reservoir of inner energy; Practice focused concentration to connect with this energy; Experience a sense of belonging and support beyond the self.",,,
Transformative Silence,Step 3 Activity,Text,Inner Wisdom Practice Series (PDF + Audio): Progressive meditations to deepen your connection with inner guidance.,Source Connection Meditation (Guided Audio Practice): A step-by-step concentration exercise to connect with the source of empowerment.,,,
Transformative Silence,Step 4 Title,Heading,Silence in Nature and Sacred Spaces,Strengthening Original Qualities,,,
Transformative Silence,Step 4 Duration,Text,30 min,,,,
Transformative Silence,Step 4 Overview,Paragraph,Explore how natural and sacred environments amplify the power of transformative silence.,"Use the energy from the Source to strengthen and stabilize your original qualities of peace, love, and truth, making them unshakeable.",,,
Transformative Silence,Step 4 Objectives,List,Experience silence in nature mindfully; Create or find your sacred silence space; Understand the role of environment in deep practice,Internalize energy to feed your inner core; Learn to stabilize qualities so they aren't lost in external noise; Experience the sustainable change that comes from inner recharging,,,
Transformative Silence,Step 4 Activity,Text,Nature Silence Quest (PDF Guide): A structured outdoor silence practice with reflection prompts and guidelines.,Energy Stabilization Practice (Visual PDF Guide): Techniques to 'lock in' the qualities experienced during deep silence.,,,
Transformative Silence,Step 5 Title,Heading,Living from the Silence,Withdrawing Strength for Change,,,
Transformative Silence,Step 5 Duration,Text,Ongoing,,,,
Transformative Silence,Step 5 Overview,Paragraph,Integrate moments of transformative silence into daily life and learn to act from a place of inner stillness.,Access the power to bring about real life changes. Withdraw strength from your silent connection to make choices that are sustainable and powerful.,,,
Transformative Silence,Step 5 Objectives,List,Establish daily silence rituals; Practice 'acting from stillness' in daily situations; Maintain silence as an anchor throughout the day,Convert silent experience into active willpower; Implement sustainable changes in behavior and lifestyle; Bring the strength of silence into every real-world interaction,,,
Transformative Silence,Step 5 Activity,Text,21-Day Silence Integration Challenge (PDF Tracker): Three weeks of progressive practices to make silence your foundation.,Transformation Blueprint (21-Day Implementation Tracker): A practical tracker to ensure silent insights lead to tangible life shifts.,,,
Transformative Silence,Next Steps Heading,Heading,Journey Complete,,,,
Transformative Silence,Next Steps Paragraph,Paragraph,You've completed the ACT framework! Continue practicing and join our community for ongoing support.,,,,
Transformative Silence,Next Steps Button,Button,Join Our Community,,,,